word,actions,label,pred
Atmosphere is a bore .,"[2, 2, 2, 2, 2]","tensor(0, device='cuda:0')","tensor([-0.2214, -0.7103, -0.1330], device='cuda:0', grad_fn=<SelectBackward>)"
"menu - uneventful , small .","[2, 2, 2, 2, 2, 2]","tensor(0, device='cuda:0')","tensor([ 0.4588, -1.9960,  0.6251], device='cuda:0', grad_fn=<SelectBackward>)"
Desserts include flan and sopaipillas .,"[2, 2, 2, 2, 2, 2]","tensor(1, device='cuda:0')","tensor([-1.9233, -0.7344,  1.5189], device='cuda:0', grad_fn=<SelectBackward>)"
Desserts include flan and sopaipillas .,"[2, 2, 2, 2, 2, 2]","tensor(1, device='cuda:0')","tensor([-1.9204, -0.6653,  1.4361], device='cuda:0', grad_fn=<SelectBackward>)"
Desserts include flan and sopaipillas .,"[2, 2, 2, 2, 2, 2]","tensor(1, device='cuda:0')","tensor([-1.9245, -0.7264,  1.5061], device='cuda:0', grad_fn=<SelectBackward>)"
There 's candlelight and music .,"[2, 2, 2, 2, 2, 2]","tensor(1, device='cuda:0')","tensor([-1.6447, -0.4115,  0.3805], device='cuda:0', grad_fn=<SelectBackward>)"
There 's candlelight and music .,"[2, 2, 2, 2, 2, 2]","tensor(1, device='cuda:0')","tensor([-1.6419, -0.4123,  0.3805], device='cuda:0', grad_fn=<SelectBackward>)"
The prices are not terrible .,"[2, 2, 2, 2, 2, 2]","tensor(2, device='cuda:0')","tensor([ 1.5228, -1.4913, -0.9785], device='cuda:0', grad_fn=<SelectBackward>)"
The steak melted in my mouth .,"[2, 2, 2, 2, 2, 2, 2]","tensor(2, device='cuda:0')","tensor([ 4.3315e-04, -5.4871e-01, -5.0048e-01], device='cuda:0',
       grad_fn=<SelectBackward>)"
The space is traditional in feel .,"[2, 2, 2, 2, 2, 2, 2]","tensor(1, device='cuda:0')","tensor([-0.3709, -1.0950,  0.3892], device='cuda:0', grad_fn=<SelectBackward>)"
Dug the blue bar area too .,"[2, 2, 2, 2, 2, 2, 2]","tensor(2, device='cuda:0')","tensor([ 0.2977, -0.6959, -0.5521], device='cuda:0', grad_fn=<SelectBackward>)"
Great food but the service was dreadful !,"[2, 2, 2, 2, 2, 2, 2, 2]","tensor(2, device='cuda:0')","tensor([ 1.0252, -2.3899,  0.0336], device='cuda:0', grad_fn=<SelectBackward>)"
I was pleasently surprised at the taste .,"[2, 2, 2, 2, 2, 2, 2, 2]","tensor(2, device='cuda:0')","tensor([ 0.0041, -0.6291, -0.3059], device='cuda:0', grad_fn=<SelectBackward>)"
their brunch menu had something for everyone .,"[2, 2, 2, 2, 2, 2, 2, 2]","tensor(2, device='cuda:0')","tensor([-0.4607, -0.0155, -0.6664], device='cuda:0', grad_fn=<SelectBackward>)"
The staff should be a bit more friendly .,"[2, 2, 2, 2, 2, 2, 2, 2, 2]","tensor(0, device='cuda:0')","tensor([-0.3124, -0.8030,  0.0113], device='cuda:0', grad_fn=<SelectBackward>)"
I went to Kitchenette this weekend for brunch .,"[2, 2, 2, 2, 2, 2, 2, 2, 2]","tensor(1, device='cuda:0')","tensor([-1.7670, -0.0210,  0.1081], device='cuda:0', grad_fn=<SelectBackward>)"
I asked for a simple medium rare steak .,"[2, 2, 2, 2, 2, 2, 2, 2, 2]","tensor(1, device='cuda:0')","tensor([-1.0793, -0.8509,  0.7646], device='cuda:0', grad_fn=<SelectBackward>)"
15 % gratuity automatically added to the bill .,"[2, 2, 2, 2, 2, 2, 2, 2, 2]","tensor(0, device='cuda:0')","tensor([-0.3529, -0.2255, -0.6109], device='cuda:0', grad_fn=<SelectBackward>)"
15 % gratuity automatically added to the bill .,"[2, 2, 2, 2, 2, 2, 2, 2, 2]","tensor(0, device='cuda:0')","tensor([-0.3540, -0.1302, -0.8484], device='cuda:0', grad_fn=<SelectBackward>)"
Make more tables - perhaps a rooftop bar ?,"[2, 2, 2, 2, 2, 2, 2, 2, 2]","tensor(0, device='cuda:0')","tensor([-0.6099, -0.4876, -0.2233], device='cuda:0', grad_fn=<SelectBackward>)"
Make more tables - perhaps a rooftop bar ?,"[2, 2, 2, 2, 2, 2, 2, 2, 2]","tensor(1, device='cuda:0')","tensor([-0.7512, -0.6241, -0.0902], device='cuda:0', grad_fn=<SelectBackward>)"
Bring your date and a bottle of wine !,"[2, 2, 2, 2, 2, 2, 2, 2, 2]","tensor(1, device='cuda:0')","tensor([-1.3174, -0.2306, -0.1734], device='cuda:0', grad_fn=<SelectBackward>)"
Prices even outside of restaurant week were great .,"[2, 2, 2, 2, 2, 2, 2, 2, 2]","tensor(2, device='cuda:0')","tensor([-0.0753, -0.5640, -0.4142], device='cuda:0', grad_fn=<SelectBackward>)"
I was highly disappointed by their service and food .,"[2, 2, 2, 2, 2, 2, 2, 2, 2, 2]","tensor(0, device='cuda:0')","tensor([ 0.0127, -1.2209,  0.1929], device='cuda:0', grad_fn=<SelectBackward>)"
"However , the food and service and dramatically lacking .","[2, 2, 2, 2, 2, 2, 2, 2, 2, 2]","tensor(0, device='cuda:0')","tensor([-0.4778, -1.9934,  1.5724], device='cuda:0', grad_fn=<SelectBackward>)"
"A beautiful atmosphere , perfect for drinks and/or appetizers .","[2, 2, 2, 2, 2, 2, 2, 2, 2, 2]","tensor(1, device='cuda:0')","tensor([-2.0856, -1.5165,  2.1429], device='cuda:0', grad_fn=<SelectBackward>)"
"A beautiful atmosphere , perfect for drinks and/or appetizers .","[2, 2, 2, 2, 2, 2, 2, 2, 2, 2]","tensor(1, device='cuda:0')","tensor([-2.7156,  0.0058,  0.9423], device='cuda:0', grad_fn=<SelectBackward>)"
It 's eaten with black vinegar and shredded ginger .,"[2, 2, 2, 2, 2, 2, 2, 2, 2, 2]","tensor(1, device='cuda:0')","tensor([-0.5924, -0.6249,  0.1867], device='cuda:0', grad_fn=<SelectBackward>)"
It 's eaten with black vinegar and shredded ginger .,"[2, 2, 2, 2, 2, 2, 2, 2, 2, 2]","tensor(1, device='cuda:0')","tensor([-0.5863, -0.5876,  0.1405], device='cuda:0', grad_fn=<SelectBackward>)"
"Great beer selection too , something like 50 beers .","[2, 2, 2, 2, 2, 2, 2, 2, 2, 2]","tensor(1, device='cuda:0')","tensor([-1.4612, -0.2123,  0.0610], device='cuda:0', grad_fn=<SelectBackward>)"
"When she complained , the waitress said , Sorry .","[2, 2, 2, 2, 2, 2, 2, 2, 2, 2]","tensor(1, device='cuda:0')","tensor([ 1.8218, -0.8634, -1.8727], device='cuda:0', grad_fn=<SelectBackward>)"
"for an appetizer , their calamari is a winner .","[2, 2, 2, 2, 2, 2, 2, 2, 2, 2]","tensor(1, device='cuda:0')","tensor([-1.5607, -0.3674,  0.6607], device='cuda:0', grad_fn=<SelectBackward>)"
"Anywhere else , the prices would be 3x as high !","[2, 2, 2, 2, 2, 2, 2, 2, 2, 2, 2]","tensor(2, device='cuda:0')","tensor([-0.1688, -0.4333, -0.4984], device='cuda:0', grad_fn=<SelectBackward>)"
I know real Indian food and this was n't it .,"[2, 2, 2, 2, 2, 2, 2, 2, 2, 2, 2]","tensor(0, device='cuda:0')","tensor([-1.0883, -0.4674,  0.3509], device='cuda:0', grad_fn=<SelectBackward>)"
The decor is designed in a contemporary Japanese style restaurant .,"[2, 2, 2, 2, 2, 2, 2, 2, 2, 2, 2]","tensor(1, device='cuda:0')","tensor([-1.7652, -0.3361,  0.7872], device='cuda:0', grad_fn=<SelectBackward>)"
There was only one waiter for the whole restaurant upstairs .,"[2, 2, 2, 2, 2, 2, 2, 2, 2, 2, 2]","tensor(1, device='cuda:0')","tensor([-0.0289, -0.0491, -0.9743], device='cuda:0', grad_fn=<SelectBackward>)"
Could have had better for 1/3 the price in Chinatown .,"[2, 2, 2, 2, 2, 2, 2, 2, 2, 2, 2]","tensor(0, device='cuda:0')","tensor([-0.8268,  0.1368, -0.9126], device='cuda:0', grad_fn=<SelectBackward>)"
Save room for deserts - they 're to die for .,"[2, 2, 2, 2, 2, 2, 2, 2, 2, 2, 2]","tensor(2, device='cuda:0')","tensor([-0.3786, -0.3400, -0.4249], device='cuda:0', grad_fn=<SelectBackward>)"
"It was good , but none of the flavors WOW .","[2, 2, 2, 2, 2, 2, 2, 2, 2, 2, 2]","tensor(1, device='cuda:0')","tensor([-1.0844, -1.7445,  1.7196], device='cuda:0', grad_fn=<SelectBackward>)"
"The appetizers are ok , but the service is slow .","[2, 2, 2, 2, 2, 2, 2, 2, 2, 2, 2]","tensor(1, device='cuda:0')","tensor([-0.4854, -0.6611, -0.1100], device='cuda:0', grad_fn=<SelectBackward>)"
"The appetizers are ok , but the service is slow .","[2, 2, 2, 2, 2, 2, 2, 2, 2, 2, 2]","tensor(0, device='cuda:0')","tensor([ 0.0661, -1.4738,  0.2157], device='cuda:0', grad_fn=<SelectBackward>)"
"Menus feature seasonal picks , like sweet corn-foie gras brulee .","[2, 2, 2, 2, 2, 2, 2, 2, 2, 2, 2]","tensor(1, device='cuda:0')","tensor([-2.3273, -1.8578,  2.9648], device='cuda:0', grad_fn=<SelectBackward>)"
"Menus feature seasonal picks , like sweet corn-foie gras brulee .","[2, 2, 2, 2, 2, 2, 2, 2, 2, 2, 2]","tensor(1, device='cuda:0')","tensor([-2.4128, -2.2826,  3.5997], device='cuda:0', grad_fn=<SelectBackward>)"
The decor is what initially got me in the door .,"[2, 2, 2, 2, 2, 2, 2, 2, 2, 2, 2]","tensor(2, device='cuda:0')","tensor([-0.1088, -0.4257, -0.6586], device='cuda:0', grad_fn=<SelectBackward>)"
How can they survive serving mediocre food at exorbitant prices ?!,"[2, 2, 2, 2, 2, 2, 2, 2, 2, 2, 2]","tensor(0, device='cuda:0')","tensor([-0.1987,  0.8059, -1.6337], device='cuda:0', grad_fn=<SelectBackward>)"
The food was mediocre and the service was severely slow .,"[2, 2, 2, 2, 2, 2, 2, 2, 2, 2, 2]","tensor(0, device='cuda:0')","tensor([-0.1178,  1.2491, -1.8290], device='cuda:0', grad_fn=<SelectBackward>)"
"I trust the people at Go Sushi , it never disappoints .","[2, 2, 2, 2, 2, 2, 2, 2, 2, 2, 2, 2]","tensor(2, device='cuda:0')","tensor([-1.1199,  0.9066, -1.2932], device='cuda:0', grad_fn=<SelectBackward>)"
"Entrees include classics like lasagna , fettuccine Alfredo and chicken parmigiana .","[2, 2, 2, 2, 2, 2, 2, 2, 2, 2, 2, 2]","tensor(1, device='cuda:0')","tensor([-2.3748, -0.7487,  1.7985], device='cuda:0', grad_fn=<SelectBackward>)"
"Entrees include classics like lasagna , fettuccine Alfredo and chicken parmigiana .","[2, 2, 2, 2, 2, 2, 2, 2, 2, 2, 2, 2]","tensor(1, device='cuda:0')","tensor([-2.4475, -0.7878,  1.8891], device='cuda:0', grad_fn=<SelectBackward>)"
"Entrees include classics like lasagna , fettuccine Alfredo and chicken parmigiana .","[2, 2, 2, 2, 2, 2, 2, 2, 2, 2, 2, 2]","tensor(1, device='cuda:0')","tensor([-2.4481, -0.7883,  1.8900], device='cuda:0', grad_fn=<SelectBackward>)"
"Entrees include classics like lasagna , fettuccine Alfredo and chicken parmigiana .","[2, 2, 2, 2, 2, 2, 2, 2, 2, 2, 2, 2]","tensor(1, device='cuda:0')","tensor([-2.4481, -0.7882,  1.8900], device='cuda:0', grad_fn=<SelectBackward>)"
The sushi is cut in blocks bigger than my cell phone .,"[2, 2, 2, 2, 2, 2, 2, 2, 2, 2, 2, 2]","tensor(0, device='cuda:0')","tensor([-0.1630, -0.1432, -0.8384], device='cuda:0', grad_fn=<SelectBackward>)"
If you are a Tequila fan you will not be disappointed .,"[2, 2, 2, 2, 2, 2, 2, 2, 2, 2, 2, 2]","tensor(2, device='cuda:0')","tensor([-0.4759, -0.1936, -0.5145], device='cuda:0', grad_fn=<SelectBackward>)"
Not to sound too negative but be wary of the delivary .,"[2, 2, 2, 2, 2, 2, 2, 2, 2, 2, 2, 2]","tensor(0, device='cuda:0')","tensor([-1.3660, -0.2315, -0.0195], device='cuda:0', grad_fn=<SelectBackward>)"
How can hope to stay in business with service like this ?,"[2, 2, 2, 2, 2, 2, 2, 2, 2, 2, 2, 2]","tensor(0, device='cuda:0')","tensor([-0.7334, -1.4036,  0.9793], device='cuda:0', grad_fn=<SelectBackward>)"
"during busy hrs , i recommend that you make a reservation .","[2, 2, 2, 2, 2, 2, 2, 2, 2, 2, 2, 2]","tensor(1, device='cuda:0')","tensor([-1.4081, -0.8748,  0.7550], device='cuda:0', grad_fn=<SelectBackward>)"
I 've had better Japanese food at a mall food court .,"[2, 2, 2, 2, 2, 2, 2, 2, 2, 2, 2, 2]","tensor(0, device='cuda:0')","tensor([-0.7524, -0.1839, -0.2931], device='cuda:0', grad_fn=<SelectBackward>)"
Ask for the round corner table next to the large window .,"[2, 2, 2, 2, 2, 2, 2, 2, 2, 2, 2, 2]","tensor(2, device='cuda:0')","tensor([-0.2861, -0.7879, -0.4150], device='cuda:0', grad_fn=<SelectBackward>)"
"Give it a try , menu is typical French but varied .","[2, 2, 2, 2, 2, 2, 2, 2, 2, 2, 2, 2]","tensor(1, device='cuda:0')","tensor([-1.8042, -1.0387,  1.6791], device='cuda:0', grad_fn=<SelectBackward>)"
"Go with the specials , and stay away from the salmon .","[2, 2, 2, 2, 2, 2, 2, 2, 2, 2, 2, 2]","tensor(0, device='cuda:0')","tensor([-1.3848, -0.6275,  0.4470], device='cuda:0', grad_fn=<SelectBackward>)"
Who said go when the place is quiet during the day ?,"[2, 2, 2, 2, 2, 2, 2, 2, 2, 2, 2, 2]","tensor(1, device='cuda:0')","tensor([-0.2075, -1.8675,  0.9174], device='cuda:0', grad_fn=<SelectBackward>)"
We were seated promptly in close proximity to the dance floor .,"[2, 2, 2, 2, 2, 2, 2, 2, 2, 2, 2, 2]","tensor(1, device='cuda:0')","tensor([-0.6364, -0.5443, -0.0869], device='cuda:0', grad_fn=<SelectBackward>)"
My friend had a burger and I had these wonderful blueberry pancakes .,"[2, 2, 2, 2, 2, 2, 2, 2, 2, 2, 2, 2, 2]","tensor(1, device='cuda:0')","tensor([-1.9235, -0.8021,  1.6783], device='cuda:0', grad_fn=<SelectBackward>)"
I thought the food is n't cheap at all compared to Chinatown .,"[2, 2, 2, 2, 2, 2, 2, 2, 2, 2, 2, 2, 2]","tensor(0, device='cuda:0')","tensor([-0.3864, -0.2706, -0.5993], device='cuda:0', grad_fn=<SelectBackward>)"
"The staff is arrogant , the prices are way high for Brooklyn .","[2, 2, 2, 2, 2, 2, 2, 2, 2, 2, 2, 2, 2]","tensor(0, device='cuda:0')","tensor([ 0.1772, -1.4097,  0.2227], device='cuda:0', grad_fn=<SelectBackward>)"
This is literally a hot spot when it comes to the food .,"[2, 2, 2, 2, 2, 2, 2, 2, 2, 2, 2, 2, 2]","tensor(2, device='cuda:0')","tensor([-0.3470, -0.3330, -0.4336], device='cuda:0', grad_fn=<SelectBackward>)"
"Perfectly al dente pasta , not drowned in sauce -- generous portions .","[2, 2, 2, 2, 2, 2, 2, 2, 2, 2, 2, 2, 2]","tensor(1, device='cuda:0')","tensor([-0.9086, -1.9911,  2.1303], device='cuda:0', grad_fn=<SelectBackward>)"
The boutique selection of wines covers a wide variety without being imposeing .,"[2, 2, 2, 2, 2, 2, 2, 2, 2, 2, 2, 2, 2]","tensor(1, device='cuda:0')","tensor([-1.8318, -0.9785,  1.4662], device='cuda:0', grad_fn=<SelectBackward>)"
Cuisine is billed as asian fusion - does n't meet the bill .,"[2, 2, 2, 2, 2, 2, 2, 2, 2, 2, 2, 2, 2]","tensor(0, device='cuda:0')","tensor([-0.2973, -0.1794, -0.8031], device='cuda:0', grad_fn=<SelectBackward>)"
Cuisine is billed as asian fusion - does n't meet the bill .,"[2, 2, 2, 2, 2, 2, 2, 2, 2, 2, 2, 2, 2]","tensor(1, device='cuda:0')","tensor([-0.2031, -0.2851, -0.7397], device='cuda:0', grad_fn=<SelectBackward>)"
Cuisine is billed as asian fusion - does n't meet the bill .,"[2, 2, 2, 2, 2, 2, 2, 2, 2, 2, 2, 2, 2]","tensor(0, device='cuda:0')","tensor([-0.3411, -0.3185, -0.5185], device='cuda:0', grad_fn=<SelectBackward>)"
Waiting three hours before getting our entrees was a treat as well .,"[2, 2, 2, 2, 2, 2, 2, 2, 2, 2, 2, 2, 2]","tensor(1, device='cuda:0')","tensor([-0.6514, -0.4432,  0.0309], device='cuda:0', grad_fn=<SelectBackward>)"
Waiting three hours before getting our entrees was a treat as well .,"[2, 2, 2, 2, 2, 2, 2, 2, 2, 2, 2, 2, 2]","tensor(0, device='cuda:0')","tensor([-0.3270, -0.0252, -0.8891], device='cuda:0', grad_fn=<SelectBackward>)"
The ground chickpea soup we sampled as a starter tasted somewhat thin .,"[2, 2, 2, 2, 2, 2, 2, 2, 2, 2, 2, 2, 2]","tensor(1, device='cuda:0')","tensor([ 0.6212, -0.6161, -0.7763], device='cuda:0', grad_fn=<SelectBackward>)"
It took about 2 1/2 hours to be served our 2 courses .,"[2, 2, 2, 2, 2, 2, 2, 2, 2, 2, 2, 2, 2]","tensor(1, device='cuda:0')","tensor([-0.8844, -0.2732, -0.2597], device='cuda:0', grad_fn=<SelectBackward>)"
It took about 2 1/2 hours to be served our 2 courses .,"[2, 2, 2, 2, 2, 2, 2, 2, 2, 2, 2, 2, 2]","tensor(0, device='cuda:0')","tensor([-0.7036, -0.2194, -0.4134], device='cuda:0', grad_fn=<SelectBackward>)"
The chicken and falafel platters were nondescript combinations with fresh leaf salad .,"[2, 2, 2, 2, 2, 2, 2, 2, 2, 2, 2, 2, 2]","tensor(1, device='cuda:0')","tensor([-0.7732, -0.8677,  0.7455], device='cuda:0', grad_fn=<SelectBackward>)"
The chicken and falafel platters were nondescript combinations with fresh leaf salad .,"[2, 2, 2, 2, 2, 2, 2, 2, 2, 2, 2, 2, 2]","tensor(1, device='cuda:0')","tensor([-0.5566, -0.7209,  0.4196], device='cuda:0', grad_fn=<SelectBackward>)"
The falafal was rather over cooked and dried but the chicken was fine .,"[2, 2, 2, 2, 2, 2, 2, 2, 2, 2, 2, 2, 2, 2]","tensor(0, device='cuda:0')","tensor([-0.4204, -0.5522, -0.0651], device='cuda:0', grad_fn=<SelectBackward>)"
It had been awhile and I forgot just how delicious crepes can be .,"[2, 2, 2, 2, 2, 2, 2, 2, 2, 2, 2, 2, 2, 2]","tensor(2, device='cuda:0')","tensor([-0.2191, -0.0421, -0.9486], device='cuda:0', grad_fn=<SelectBackward>)"
Be sure to accompany your food with one of their fresh juice concoctions .,"[2, 2, 2, 2, 2, 2, 2, 2, 2, 2, 2, 2, 2, 2]","tensor(1, device='cuda:0')","tensor([-1.8236, -0.6403,  1.0598], device='cuda:0', grad_fn=<SelectBackward>)"
Half a chicken with a mountain of rice and beans for $ 6.25 .,"[2, 2, 2, 2, 2, 2, 2, 2, 2, 2, 2, 2, 2, 2]","tensor(1, device='cuda:0')","tensor([-1.5391, -1.4046,  1.6299], device='cuda:0', grad_fn=<SelectBackward>)"
Half a chicken with a mountain of rice and beans for $ 6.25 .,"[2, 2, 2, 2, 2, 2, 2, 2, 2, 2, 2, 2, 2, 2]","tensor(1, device='cuda:0')","tensor([-1.4169, -1.1488,  1.3085], device='cuda:0', grad_fn=<SelectBackward>)"
Half a chicken with a mountain of rice and beans for $ 6.25 .,"[2, 2, 2, 2, 2, 2, 2, 2, 2, 2, 2, 2, 2, 2]","tensor(1, device='cuda:0')","tensor([-1.3720, -1.0345,  1.1797], device='cuda:0', grad_fn=<SelectBackward>)"
"The menu , which changes seasonally , shows both regional and international influences .","[2, 2, 2, 2, 2, 2, 2, 2, 2, 2, 2, 2, 2, 2]","tensor(1, device='cuda:0')","tensor([-1.7165, -0.7339,  1.0794], device='cuda:0', grad_fn=<SelectBackward>)"
The quality of the meat was on par with your local grocery store .,"[2, 2, 2, 2, 2, 2, 2, 2, 2, 2, 2, 2, 2, 2]","tensor(0, device='cuda:0')","tensor([ 0.3043, -2.1159,  1.2960], device='cuda:0', grad_fn=<SelectBackward>)"
IT WAS OUR ONLY OPPORTUNITY TO VISIT AND WANTED AN AUTHENTIC ITALIAN MEAL .,"[2, 2, 2, 2, 2, 2, 2, 2, 2, 2, 2, 2, 2, 2]","tensor(1, device='cuda:0')","tensor([-1.9647, -0.8988,  1.4748], device='cuda:0', grad_fn=<SelectBackward>)"
You will not be dissapointed by any of the choices in the menu .,"[2, 2, 2, 2, 2, 2, 2, 2, 2, 2, 2, 2, 2, 2]","tensor(2, device='cuda:0')","tensor([-0.2088, -0.9061, -0.2250], device='cuda:0', grad_fn=<SelectBackward>)"
Offerings like hot cakes and the Egg McMuffin sandwich are available for breakfast .,"[2, 2, 2, 2, 2, 2, 2, 2, 2, 2, 2, 2, 2, 2]","tensor(1, device='cuda:0')","tensor([-2.4677, -0.9909,  1.6062], device='cuda:0', grad_fn=<SelectBackward>)"
Offerings like hot cakes and the Egg McMuffin sandwich are available for breakfast .,"[2, 2, 2, 2, 2, 2, 2, 2, 2, 2, 2, 2, 2, 2]","tensor(1, device='cuda:0')","tensor([-2.4606, -0.9888,  1.6035], device='cuda:0', grad_fn=<SelectBackward>)"
Offerings like hot cakes and the Egg McMuffin sandwich are available for breakfast .,"[2, 2, 2, 2, 2, 2, 2, 2, 2, 2, 2, 2, 2, 2]","tensor(1, device='cuda:0')","tensor([-2.0409, -0.7740,  1.1891], device='cuda:0', grad_fn=<SelectBackward>)"
The sauce is excellent -LRB- very fresh -RRB- with dabs of real mozzarella .,"[2, 2, 2, 2, 2, 2, 2, 2, 2, 2, 2, 2, 2, 2]","tensor(1, device='cuda:0')","tensor([-2.2627, -2.1765,  3.0800], device='cuda:0', grad_fn=<SelectBackward>)"
"Frankly , the chinese food here is something I can make better at home .","[2, 2, 2, 2, 2, 2, 2, 2, 2, 2, 2, 2, 2, 2, 2]","tensor(0, device='cuda:0')","tensor([-0.3749, -0.8203,  0.0480], device='cuda:0', grad_fn=<SelectBackward>)"
new hamburger with special sauce is ok - at least better than big mac !,"[2, 2, 2, 2, 2, 2, 2, 2, 2, 2, 2, 2, 2, 2, 2]","tensor(2, device='cuda:0')","tensor([-1.2130,  0.4454, -0.5736], device='cuda:0', grad_fn=<SelectBackward>)"
new hamburger with special sauce is ok - at least better than big mac !,"[2, 2, 2, 2, 2, 2, 2, 2, 2, 2, 2, 2, 2, 2, 2]","tensor(0, device='cuda:0')","tensor([-0.5052, -0.0485, -0.7162], device='cuda:0', grad_fn=<SelectBackward>)"
"Tables are close , so you better be comfortable bumping elbows with other patrons .","[2, 2, 2, 2, 2, 2, 2, 2, 2, 2, 2, 2, 2, 2, 2]","tensor(0, device='cuda:0')","tensor([-0.3700, -0.7665, -0.0338], device='cuda:0', grad_fn=<SelectBackward>)"
The service was on point - what else you would expect from a Ritz ?,"[2, 2, 2, 2, 2, 2, 2, 2, 2, 2, 2, 2, 2, 2, 2]","tensor(2, device='cuda:0')","tensor([ 0.0010, -0.5796, -0.6806], device='cuda:0', grad_fn=<SelectBackward>)"
I HAVE NEVER HAD A BAD MEAL -LRB- OR BAD SERVICE -RRB- @ PIGALLE .,"[2, 2, 2, 2, 2, 2, 2, 2, 2, 2, 2, 2, 2, 2, 2]","tensor(2, device='cuda:0')","tensor([ 0.1259,  0.1660, -1.4387], device='cuda:0', grad_fn=<SelectBackward>)"
I have to say they have one of the fastest delivery times in the city .,"[2, 2, 2, 2, 2, 2, 2, 2, 2, 2, 2, 2, 2, 2, 2, 2]","tensor(2, device='cuda:0')","tensor([ 0.2381, -0.6826, -0.5840], device='cuda:0', grad_fn=<SelectBackward>)"
i dont know what some people who rave about this hot dog are talking about .,"[2, 2, 2, 2, 2, 2, 2, 2, 2, 2, 2, 2, 2, 2, 2, 2]","tensor(0, device='cuda:0')","tensor([-0.8367, -0.2993, -0.2730], device='cuda:0', grad_fn=<SelectBackward>)"
"Service is excellent , no wait , and you get a lot for the price .","[2, 2, 2, 2, 2, 2, 2, 2, 2, 2, 2, 2, 2, 2, 2, 2]","tensor(2, device='cuda:0')","tensor([-0.0059, -0.8751, -0.2510], device='cuda:0', grad_fn=<SelectBackward>)"
The food is so good and so popular that waiting can really be a nightmare .,"[2, 2, 2, 2, 2, 2, 2, 2, 2, 2, 2, 2, 2, 2, 2, 2]","tensor(0, device='cuda:0')","tensor([-0.5674, -1.3982,  0.7730], device='cuda:0', grad_fn=<SelectBackward>)"
"The food is average : breakfast food , soups , salads , sandwiches , etc. .","[2, 2, 2, 2, 2, 2, 2, 2, 2, 2, 2, 2, 2, 2, 2, 2]","tensor(1, device='cuda:0')","tensor([-2.1924, -1.3863,  2.0216], device='cuda:0', grad_fn=<SelectBackward>)"
"The food is average : breakfast food , soups , salads , sandwiches , etc. .","[2, 2, 2, 2, 2, 2, 2, 2, 2, 2, 2, 2, 2, 2, 2, 2]","tensor(1, device='cuda:0')","tensor([-2.2821, -1.4509,  2.1268], device='cuda:0', grad_fn=<SelectBackward>)"
"The food is average : breakfast food , soups , salads , sandwiches , etc. .","[2, 2, 2, 2, 2, 2, 2, 2, 2, 2, 2, 2, 2, 2, 2, 2]","tensor(1, device='cuda:0')","tensor([-2.2708, -1.4399,  2.1095], device='cuda:0', grad_fn=<SelectBackward>)"
"The food is average : breakfast food , soups , salads , sandwiches , etc. .","[2, 2, 2, 2, 2, 2, 2, 2, 2, 2, 2, 2, 2, 2, 2, 2]","tensor(1, device='cuda:0')","tensor([-2.2808, -1.4472,  2.1197], device='cuda:0', grad_fn=<SelectBackward>)"
"The food is average : breakfast food , soups , salads , sandwiches , etc. .","[2, 2, 2, 2, 2, 2, 2, 2, 2, 2, 2, 2, 2, 2, 2, 2]","tensor(1, device='cuda:0')","tensor([-2.2846, -1.4509,  2.1251], device='cuda:0', grad_fn=<SelectBackward>)"
THEY HAVE WAITERS ON THE SIDEWALK TRYING TO PULL YOU IN WHICH MADE US SUSPICIOUS .,"[2, 2, 2, 2, 2, 2, 2, 2, 2, 2, 2, 2, 2, 2, 2, 2]","tensor(1, device='cuda:0')","tensor([ 0.4465, -0.2397, -1.5026], device='cuda:0', grad_fn=<SelectBackward>)"
"For someone who used to hate Indian food , Baluchi 's has changed my mid .","[2, 2, 2, 2, 2, 2, 2, 2, 2, 2, 2, 2, 2, 2, 2, 2]","tensor(2, device='cuda:0')","tensor([-0.1844, -0.1994, -0.8350], device='cuda:0', grad_fn=<SelectBackward>)"
"Although the restaurant itself is nice , I prefer not to go for the food .","[2, 2, 2, 2, 2, 2, 2, 2, 2, 2, 2, 2, 2, 2, 2, 2]","tensor(0, device='cuda:0')","tensor([-0.5921, -0.2421, -0.3829], device='cuda:0', grad_fn=<SelectBackward>)"
How pretentious and inappropriate for MJ Grill to claim that it provides power lunch and dinners !,"[2, 2, 2, 2, 2, 2, 2, 2, 2, 2, 2, 2, 2, 2, 2, 2, 2]","tensor(0, device='cuda:0')","tensor([-2.3336, -0.1781,  0.9261], device='cuda:0', grad_fn=<SelectBackward>)"
How pretentious and inappropriate for MJ Grill to claim that it provides power lunch and dinners !,"[2, 2, 2, 2, 2, 2, 2, 2, 2, 2, 2, 2, 2, 2, 2, 2, 2]","tensor(0, device='cuda:0')","tensor([-2.3335, -0.1781,  0.9260], device='cuda:0', grad_fn=<SelectBackward>)"
Did n't seem like any effort was made to the display and quality of the food .,"[2, 2, 2, 2, 2, 2, 2, 2, 2, 2, 2, 2, 2, 2, 2, 2, 2]","tensor(0, device='cuda:0')","tensor([-0.0419, -2.0141,  1.4554], device='cuda:0', grad_fn=<SelectBackward>)"
At night the atmoshere changes turning into this hidden jewel that is waiting to be discovered .,"[2, 2, 2, 2, 2, 2, 2, 2, 2, 2, 2, 2, 2, 2, 2, 2, 2]","tensor(2, device='cuda:0')","tensor([-0.2498, -0.3828, -0.5304], device='cuda:0', grad_fn=<SelectBackward>)"
I would only go for the coffee which is way better than Starbucks or the like .,"[2, 2, 2, 2, 2, 2, 2, 2, 2, 2, 2, 2, 2, 2, 2, 2, 2]","tensor(2, device='cuda:0')","tensor([-0.6361, -0.2979, -0.3256], device='cuda:0', grad_fn=<SelectBackward>)"
The waitress came by to pick up the soy sauce WHILE we were eating our lunch !!!!!,"[2, 2, 2, 2, 2, 2, 2, 2, 2, 2, 2, 2, 2, 2, 2, 2, 2]","tensor(0, device='cuda:0')","tensor([-1.5760, -0.9520,  1.0182], device='cuda:0', grad_fn=<SelectBackward>)"
The waitress came by to pick up the soy sauce WHILE we were eating our lunch !!!!!,"[2, 2, 2, 2, 2, 2, 2, 2, 2, 2, 2, 2, 2, 2, 2, 2, 2]","tensor(1, device='cuda:0')","tensor([-1.6713, -0.3239,  0.3981], device='cuda:0', grad_fn=<SelectBackward>)"
The waitress came by to pick up the soy sauce WHILE we were eating our lunch !!!!!,"[2, 2, 2, 2, 2, 2, 2, 2, 2, 2, 2, 2, 2, 2, 2, 2, 2]","tensor(1, device='cuda:0')","tensor([-1.7054, -0.3372,  0.4321], device='cuda:0', grad_fn=<SelectBackward>)"
This place has the strangest menu and the restaurants tries too hard to make fancy food .,"[2, 2, 2, 2, 2, 2, 2, 2, 2, 2, 2, 2, 2, 2, 2, 2, 2]","tensor(0, device='cuda:0')","tensor([-1.1584, -1.0435,  0.7110], device='cuda:0', grad_fn=<SelectBackward>)"
This place has the strangest menu and the restaurants tries too hard to make fancy food .,"[2, 2, 2, 2, 2, 2, 2, 2, 2, 2, 2, 2, 2, 2, 2, 2, 2]","tensor(0, device='cuda:0')","tensor([-1.1643, -1.0332,  0.6987], device='cuda:0', grad_fn=<SelectBackward>)"
"The room is a gorgeous , bi-level space and the long bar perfect for a drink .","[2, 2, 2, 2, 2, 2, 2, 2, 2, 2, 2, 2, 2, 2, 2, 2, 2]","tensor(1, device='cuda:0')","tensor([-1.4689, -1.3647,  1.3684], device='cuda:0', grad_fn=<SelectBackward>)"
i have eaten here on a different occasion - the food is mediocre for the prices .,"[2, 2, 2, 2, 2, 2, 2, 2, 2, 2, 2, 2, 2, 2, 2, 2, 2]","tensor(0, device='cuda:0')","tensor([-0.3434,  0.6778, -1.1030], device='cuda:0', grad_fn=<SelectBackward>)"
I 'm looking forward to going back soon and eventually trying most everything on the menu !,"[2, 2, 2, 2, 2, 2, 2, 2, 2, 2, 2, 2, 2, 2, 2, 2, 2]","tensor(2, device='cuda:0')","tensor([-0.3974, -0.3069, -0.8543], device='cuda:0', grad_fn=<SelectBackward>)"
"When the dish arrived it was blazing with green chillis , definitely not edible by a human .","[2, 2, 2, 2, 2, 2, 2, 2, 2, 2, 2, 2, 2, 2, 2, 2, 2, 2]","tensor(0, device='cuda:0')","tensor([-0.3867, -1.2287,  0.5813], device='cuda:0', grad_fn=<SelectBackward>)"
"When the dish arrived it was blazing with green chillis , definitely not edible by a human .","[2, 2, 2, 2, 2, 2, 2, 2, 2, 2, 2, 2, 2, 2, 2, 2, 2, 2]","tensor(0, device='cuda:0')","tensor([-0.0680, -0.8557, -0.0282], device='cuda:0', grad_fn=<SelectBackward>)"
"But dinner here is never disappointing , even if the prices are a bit over the top .","[2, 2, 2, 2, 2, 2, 2, 2, 2, 2, 2, 2, 2, 2, 2, 2, 2, 2]","tensor(2, device='cuda:0')","tensor([ 1.0404, -0.7140, -1.0353], device='cuda:0', grad_fn=<SelectBackward>)"
The staff members are extremely friendly and even replaced my drink once when I dropped it outside .,"[2, 2, 2, 2, 2, 2, 2, 2, 2, 2, 2, 2, 2, 2, 2, 2, 2, 2]","tensor(1, device='cuda:0')","tensor([-0.1234, -0.2878, -0.8075], device='cuda:0', grad_fn=<SelectBackward>)"
"Build a meal with side orders like Amazin' Greens salads , Buffalo Chicken Kickers and Cinna Stix .","[2, 2, 2, 2, 2, 2, 2, 2, 2, 2, 2, 2, 2, 2, 2, 2, 2, 2]","tensor(1, device='cuda:0')","tensor([-2.8505, -1.3633,  2.3386], device='cuda:0', grad_fn=<SelectBackward>)"
"We requested they re-slice the sushi , and it was returned to us in small cheese-like cubes .","[2, 2, 2, 2, 2, 2, 2, 2, 2, 2, 2, 2, 2, 2, 2, 2, 2, 2]","tensor(0, device='cuda:0')","tensor([-0.6580,  0.4967, -1.2385], device='cuda:0', grad_fn=<SelectBackward>)"
I stopped by for some brunch today and had the vegan cranberry pancakes and some rice milk .,"[2, 2, 2, 2, 2, 2, 2, 2, 2, 2, 2, 2, 2, 2, 2, 2, 2, 2]","tensor(1, device='cuda:0')","tensor([-1.7317,  0.0386,  0.3610], device='cuda:0', grad_fn=<SelectBackward>)"
"Even when the chef is not in the house , the food and service are right on target .","[2, 2, 2, 2, 2, 2, 2, 2, 2, 2, 2, 2, 2, 2, 2, 2, 2, 2, 2]","tensor(1, device='cuda:0')","tensor([ 0.1219, -0.4132, -0.6994], device='cuda:0', grad_fn=<SelectBackward>)"
"Since I cook for a living , I 'm very fussy about the food I eat in restaurants .","[2, 2, 2, 2, 2, 2, 2, 2, 2, 2, 2, 2, 2, 2, 2, 2, 2, 2, 2]","tensor(1, device='cuda:0')","tensor([-0.9243, -0.4367, -0.0209], device='cuda:0', grad_fn=<SelectBackward>)"
"I can understand the prices if it served better food , like some Chinese restaurants in midtown/uptown area .","[2, 2, 2, 2, 2, 2, 2, 2, 2, 2, 2, 2, 2, 2, 2, 2, 2, 2, 2]","tensor(0, device='cuda:0')","tensor([-0.5802, -0.5117, -0.0851], device='cuda:0', grad_fn=<SelectBackward>)"
"I can understand the prices if it served better food , like some Chinese restaurants in midtown/uptown area .","[2, 2, 2, 2, 2, 2, 2, 2, 2, 2, 2, 2, 2, 2, 2, 2, 2, 2, 2]","tensor(0, device='cuda:0')","tensor([-0.8815, -0.5569,  0.2115], device='cuda:0', grad_fn=<SelectBackward>)"
They also have a great assortment of wraps if your not in the mood for traditional Mediterranean fare .,"[2, 2, 2, 2, 2, 2, 2, 2, 2, 2, 2, 2, 2, 2, 2, 2, 2, 2, 2]","tensor(1, device='cuda:0')","tensor([-1.9009, -0.7303,  1.3409], device='cuda:0', grad_fn=<SelectBackward>)"
"for about eleven bucks you get a gigantic burrito -LRB- or tacos -RRB- , margarita , and dessert .","[2, 2, 2, 2, 2, 2, 2, 2, 2, 2, 2, 2, 2, 2, 2, 2, 2, 2, 2]","tensor(1, device='cuda:0')","tensor([-2.5614, -1.4224,  2.3447], device='cuda:0', grad_fn=<SelectBackward>)"
"for about eleven bucks you get a gigantic burrito -LRB- or tacos -RRB- , margarita , and dessert .","[2, 2, 2, 2, 2, 2, 2, 2, 2, 2, 2, 2, 2, 2, 2, 2, 2, 2, 2]","tensor(1, device='cuda:0')","tensor([-2.5541, -1.3843,  2.3162], device='cuda:0', grad_fn=<SelectBackward>)"
"the restaurant was completely empty , but she gave me a dirty look and asked , no reservations ?","[2, 2, 2, 2, 2, 2, 2, 2, 2, 2, 2, 2, 2, 2, 2, 2, 2, 2, 2]","tensor(1, device='cuda:0')","tensor([ 0.6491, -0.3309, -1.1293], device='cuda:0', grad_fn=<SelectBackward>)"
"No green beans , no egg , no anchovy dressing , no nicoise olives , no red onion .","[2, 2, 2, 2, 2, 2, 2, 2, 2, 2, 2, 2, 2, 2, 2, 2, 2, 2, 2]","tensor(1, device='cuda:0')","tensor([-0.1752, -0.3733, -0.4277], device='cuda:0', grad_fn=<SelectBackward>)"
"No green beans , no egg , no anchovy dressing , no nicoise olives , no red onion .","[2, 2, 2, 2, 2, 2, 2, 2, 2, 2, 2, 2, 2, 2, 2, 2, 2, 2, 2]","tensor(1, device='cuda:0')","tensor([-0.2134, -0.2945, -0.5202], device='cuda:0', grad_fn=<SelectBackward>)"
"No green beans , no egg , no anchovy dressing , no nicoise olives , no red onion .","[2, 2, 2, 2, 2, 2, 2, 2, 2, 2, 2, 2, 2, 2, 2, 2, 2, 2, 2]","tensor(1, device='cuda:0')","tensor([-0.1644, -0.2667, -0.5914], device='cuda:0', grad_fn=<SelectBackward>)"
"No green beans , no egg , no anchovy dressing , no nicoise olives , no red onion .","[2, 2, 2, 2, 2, 2, 2, 2, 2, 2, 2, 2, 2, 2, 2, 2, 2, 2, 2]","tensor(1, device='cuda:0')","tensor([ 0.0882, -0.5508, -0.5049], device='cuda:0', grad_fn=<SelectBackward>)"
"No green beans , no egg , no anchovy dressing , no nicoise olives , no red onion .","[2, 2, 2, 2, 2, 2, 2, 2, 2, 2, 2, 2, 2, 2, 2, 2, 2, 2, 2]","tensor(1, device='cuda:0')","tensor([-0.0797, -0.4096, -0.5002], device='cuda:0', grad_fn=<SelectBackward>)"
"Build a meal with side orders like Amazin ' Greens salads , Buffalo Chicken Kickers and Cinna Stix .","[2, 2, 2, 2, 2, 2, 2, 2, 2, 2, 2, 2, 2, 2, 2, 2, 2, 2, 2]","tensor(1, device='cuda:0')","tensor([-2.5544, -0.7915,  1.7469], device='cuda:0', grad_fn=<SelectBackward>)"
"Build a meal with side orders like Amazin ' Greens salads , Buffalo Chicken Kickers and Cinna Stix .","[2, 2, 2, 2, 2, 2, 2, 2, 2, 2, 2, 2, 2, 2, 2, 2, 2, 2, 2]","tensor(1, device='cuda:0')","tensor([-1.8558, -1.9123,  2.1849], device='cuda:0', grad_fn=<SelectBackward>)"
"Build a meal with side orders like Amazin ' Greens salads , Buffalo Chicken Kickers and Cinna Stix .","[2, 2, 2, 2, 2, 2, 2, 2, 2, 2, 2, 2, 2, 2, 2, 2, 2, 2, 2]","tensor(1, device='cuda:0')","tensor([-2.5381, -1.4957,  2.2955], device='cuda:0', grad_fn=<SelectBackward>)"
"Build a meal with side orders like Amazin ' Greens salads , Buffalo Chicken Kickers and Cinna Stix .","[2, 2, 2, 2, 2, 2, 2, 2, 2, 2, 2, 2, 2, 2, 2, 2, 2, 2, 2]","tensor(1, device='cuda:0')","tensor([-2.5313, -1.2867,  2.1643], device='cuda:0', grad_fn=<SelectBackward>)"
"The closest that I got was the Cherry Marscapone , but they were out of it that day .","[2, 2, 2, 2, 2, 2, 2, 2, 2, 2, 2, 2, 2, 2, 2, 2, 2, 2, 2]","tensor(1, device='cuda:0')","tensor([-0.4754, -0.3852, -0.2052], device='cuda:0', grad_fn=<SelectBackward>)"
"The guac is fresh , yet lacking flavor , we like to add our fresh salsa into it .","[2, 2, 2, 2, 2, 2, 2, 2, 2, 2, 2, 2, 2, 2, 2, 2, 2, 2, 2]","tensor(1, device='cuda:0')","tensor([-0.7006, -1.4253,  0.9383], device='cuda:0', grad_fn=<SelectBackward>)"
Our waiter was friendly and it is a shame that he didnt have a supportive staff to work with .,"[2, 2, 2, 2, 2, 2, 2, 2, 2, 2, 2, 2, 2, 2, 2, 2, 2, 2, 2, 2]","tensor(0, device='cuda:0')","tensor([-1.0258, -1.5752,  1.6493], device='cuda:0', grad_fn=<SelectBackward>)"
"There restaurant is very casual , but perfect for lunch , and their delivery service is always very fast .","[2, 2, 2, 2, 2, 2, 2, 2, 2, 2, 2, 2, 2, 2, 2, 2, 2, 2, 2, 2]","tensor(1, device='cuda:0')","tensor([-1.9647, -1.0180,  1.3516], device='cuda:0', grad_fn=<SelectBackward>)"
I always find myself asking the waiter to make something bland and different than what is on the menu .,"[2, 2, 2, 2, 2, 2, 2, 2, 2, 2, 2, 2, 2, 2, 2, 2, 2, 2, 2, 2]","tensor(1, device='cuda:0')","tensor([ 0.1909, -0.4672, -1.0249], device='cuda:0', grad_fn=<SelectBackward>)"
"The decoration was feeling like we was on the Cairo , actually the street is part of that adventure .","[2, 2, 2, 2, 2, 2, 2, 2, 2, 2, 2, 2, 2, 2, 2, 2, 2, 2, 2, 2]","tensor(2, device='cuda:0')","tensor([ 0.6414, -1.1792, -0.3562], device='cuda:0', grad_fn=<SelectBackward>)"
We started with the scallops and asparagus and also had the soft shell crab as well as the cheese plate .,"[2, 2, 2, 2, 2, 2, 2, 2, 2, 2, 2, 2, 2, 2, 2, 2, 2, 2, 2, 2, 2]","tensor(1, device='cuda:0')","tensor([-1.2563, -0.8734,  1.0276], device='cuda:0', grad_fn=<SelectBackward>)"
We started with the scallops and asparagus and also had the soft shell crab as well as the cheese plate .,"[2, 2, 2, 2, 2, 2, 2, 2, 2, 2, 2, 2, 2, 2, 2, 2, 2, 2, 2, 2, 2]","tensor(1, device='cuda:0')","tensor([-1.1109, -0.7153,  0.7257], device='cuda:0', grad_fn=<SelectBackward>)"
We started with the scallops and asparagus and also had the soft shell crab as well as the cheese plate .,"[2, 2, 2, 2, 2, 2, 2, 2, 2, 2, 2, 2, 2, 2, 2, 2, 2, 2, 2, 2, 2]","tensor(1, device='cuda:0')","tensor([-1.4073, -1.0035,  1.2924], device='cuda:0', grad_fn=<SelectBackward>)"
We started with the scallops and asparagus and also had the soft shell crab as well as the cheese plate .,"[2, 2, 2, 2, 2, 2, 2, 2, 2, 2, 2, 2, 2, 2, 2, 2, 2, 2, 2, 2, 2]","tensor(1, device='cuda:0')","tensor([-1.3325, -0.9542,  1.1775], device='cuda:0', grad_fn=<SelectBackward>)"
"The food is all-around good , with the rolls usually excellent and the sushi/sashimi not quite on the same level .","[2, 2, 2, 2, 2, 2, 2, 2, 2, 2, 2, 2, 2, 2, 2, 2, 2, 2, 2, 2, 2]","tensor(1, device='cuda:0')","tensor([-1.9959,  0.2016,  0.4360], device='cuda:0', grad_fn=<SelectBackward>)"
I 've come here for casual lunches as well as for a friend 's birthday and I always enjoy myself .,"[2, 2, 2, 2, 2, 2, 2, 2, 2, 2, 2, 2, 2, 2, 2, 2, 2, 2, 2, 2, 2]","tensor(1, device='cuda:0')","tensor([-2.7291,  0.0070,  0.6380], device='cuda:0', grad_fn=<SelectBackward>)"
"I found the food to be just as good as its owner , Da Silvano , just much less expensive .","[2, 2, 2, 2, 2, 2, 2, 2, 2, 2, 2, 2, 2, 2, 2, 2, 2, 2, 2, 2, 2]","tensor(2, device='cuda:0')","tensor([ 0.9009, -1.4519, -0.6429], device='cuda:0', grad_fn=<SelectBackward>)"
"Our waitress had apparently never tried any of the food , and there was no one to recommend any wine .","[2, 2, 2, 2, 2, 2, 2, 2, 2, 2, 2, 2, 2, 2, 2, 2, 2, 2, 2, 2, 2]","tensor(1, device='cuda:0')","tensor([ 0.2558,  0.0271, -1.3879], device='cuda:0', grad_fn=<SelectBackward>)"
"Our waitress had apparently never tried any of the food , and there was no one to recommend any wine .","[2, 2, 2, 2, 2, 2, 2, 2, 2, 2, 2, 2, 2, 2, 2, 2, 2, 2, 2, 2, 2]","tensor(1, device='cuda:0')","tensor([-0.8156, -0.5495,  0.0448], device='cuda:0', grad_fn=<SelectBackward>)"
"Two complaints - their appetizer selection stinks , it would be nice to get some mozzarella sticks on the menu .","[2, 2, 2, 2, 2, 2, 2, 2, 2, 2, 2, 2, 2, 2, 2, 2, 2, 2, 2, 2, 2]","tensor(0, device='cuda:0')","tensor([-0.5228, -0.0886, -0.8002], device='cuda:0', grad_fn=<SelectBackward>)"
"While the smoothies are a little big for me , the fresh juices are the best I have ever had !","[2, 2, 2, 2, 2, 2, 2, 2, 2, 2, 2, 2, 2, 2, 2, 2, 2, 2, 2, 2, 2]","tensor(0, device='cuda:0')","tensor([-1.4433, -1.4288,  1.5814], device='cuda:0', grad_fn=<SelectBackward>)"
"After waiting for almost an hour , the waiter brusquely told us he 'd forgotten to give the kitchen our order .","[2, 2, 2, 2, 2, 2, 2, 2, 2, 2, 2, 2, 2, 2, 2, 2, 2, 2, 2, 2, 2, 2]","tensor(1, device='cuda:0')","tensor([-0.1590, -0.3270, -0.7725], device='cuda:0', grad_fn=<SelectBackward>)"
It gets crowded at lunchtime but there are lots of seats in back and everyone who works there is so nice .,"[2, 2, 2, 2, 2, 2, 2, 2, 2, 2, 2, 2, 2, 2, 2, 2, 2, 2, 2, 2, 2, 2]","tensor(2, device='cuda:0')","tensor([-0.0401, -0.9134, -0.2701], device='cuda:0', grad_fn=<SelectBackward>)"
"I have been going to this restaurant for years , in the past the service was average and the food inconsistant .","[2, 2, 2, 2, 2, 2, 2, 2, 2, 2, 2, 2, 2, 2, 2, 2, 2, 2, 2, 2, 2, 2]","tensor(1, device='cuda:0')","tensor([ 1.2607, -1.6187, -0.5917], device='cuda:0', grad_fn=<SelectBackward>)"
"Between my guest and I , we sampled at least 80 % of the menu , and they were all hits .","[2, 2, 2, 2, 2, 2, 2, 2, 2, 2, 2, 2, 2, 2, 2, 2, 2, 2, 2, 2, 2, 2]","tensor(2, device='cuda:0')","tensor([-0.4400, -0.2245, -0.6286], device='cuda:0', grad_fn=<SelectBackward>)"
Likewise if you like really thin crust or really big slices then Nick and Joe 's may not be your favorite .,"[2, 2, 2, 2, 2, 2, 2, 2, 2, 2, 2, 2, 2, 2, 2, 2, 2, 2, 2, 2, 2, 2]","tensor(0, device='cuda:0')","tensor([-0.7121, -0.6470,  0.1693], device='cuda:0', grad_fn=<SelectBackward>)"
Likewise if you like really thin crust or really big slices then Nick and Joe 's may not be your favorite .,"[2, 2, 2, 2, 2, 2, 2, 2, 2, 2, 2, 2, 2, 2, 2, 2, 2, 2, 2, 2, 2, 2]","tensor(0, device='cuda:0')","tensor([-0.8044, -0.7530,  0.3732], device='cuda:0', grad_fn=<SelectBackward>)"
"Thick fries , meaty chili and stuffed baked potatoes round out a menu that includes a cool , ultra-thick chocolate Frosty .","[2, 2, 2, 2, 2, 2, 2, 2, 2, 2, 2, 2, 2, 2, 2, 2, 2, 2, 2, 2, 2, 2]","tensor(1, device='cuda:0')","tensor([-1.8746, -1.9286,  2.5236], device='cuda:0', grad_fn=<SelectBackward>)"
"Thick fries , meaty chili and stuffed baked potatoes round out a menu that includes a cool , ultra-thick chocolate Frosty .","[2, 2, 2, 2, 2, 2, 2, 2, 2, 2, 2, 2, 2, 2, 2, 2, 2, 2, 2, 2, 2, 2]","tensor(1, device='cuda:0')","tensor([-1.8866, -1.9583,  2.5527], device='cuda:0', grad_fn=<SelectBackward>)"
"Thick fries , meaty chili and stuffed baked potatoes round out a menu that includes a cool , ultra-thick chocolate Frosty .","[2, 2, 2, 2, 2, 2, 2, 2, 2, 2, 2, 2, 2, 2, 2, 2, 2, 2, 2, 2, 2, 2]","tensor(1, device='cuda:0')","tensor([-1.8959, -1.9720,  2.5703], device='cuda:0', grad_fn=<SelectBackward>)"
"Thick fries , meaty chili and stuffed baked potatoes round out a menu that includes a cool , ultra-thick chocolate Frosty .","[2, 2, 2, 2, 2, 2, 2, 2, 2, 2, 2, 2, 2, 2, 2, 2, 2, 2, 2, 2, 2, 2]","tensor(1, device='cuda:0')","tensor([-1.8717, -1.9202,  2.5160], device='cuda:0', grad_fn=<SelectBackward>)"
"but , the filet mignon was not very good at all cocktail hour includes free appetizers -LRB- nice non-sushi selection -RRB- .","[2, 2, 2, 2, 2, 2, 2, 2, 2, 2, 2, 2, 2, 2, 2, 2, 2, 2, 2, 2, 2, 2]","tensor(0, device='cuda:0')","tensor([-3.3685,  0.5945,  1.0425], device='cuda:0', grad_fn=<SelectBackward>)"
If you like seafood and/or Greek food you will love this place though it is not limited to just these things .,"[2, 2, 2, 2, 2, 2, 2, 2, 2, 2, 2, 2, 2, 2, 2, 2, 2, 2, 2, 2, 2, 2]","tensor(2, device='cuda:0')","tensor([-0.5135, -0.1946, -0.3881], device='cuda:0', grad_fn=<SelectBackward>)"
I asked repeatedly what the status of the meal was and was pretty much grunted at by the unbelievably rude waiter .,"[2, 2, 2, 2, 2, 2, 2, 2, 2, 2, 2, 2, 2, 2, 2, 2, 2, 2, 2, 2, 2, 2]","tensor(1, device='cuda:0')","tensor([ 0.7501, -0.4743, -1.1875], device='cuda:0', grad_fn=<SelectBackward>)"
I had to flag down a third staff person for a fork ... so now it 's goodbye Little RUDE Pie Company .,"[2, 2, 2, 2, 2, 2, 2, 2, 2, 2, 2, 2, 2, 2, 2, 2, 2, 2, 2, 2, 2, 2, 2]","tensor(1, device='cuda:0')","tensor([-0.0617, -0.1382, -0.9516], device='cuda:0', grad_fn=<SelectBackward>)"
"Stick to the items the place does best , brisket , ribs , wings , cajun shrimp is good , not great .","[2, 2, 2, 2, 2, 2, 2, 2, 2, 2, 2, 2, 2, 2, 2, 2, 2, 2, 2, 2, 2, 2, 2]","tensor(1, device='cuda:0')","tensor([-1.2743, -2.2065,  2.4053], device='cuda:0', grad_fn=<SelectBackward>)"
"The food did take a few extra minutes to come , but the cute waiters ' jokes and friendliness made up for it .","[2, 2, 2, 2, 2, 2, 2, 2, 2, 2, 2, 2, 2, 2, 2, 2, 2, 2, 2, 2, 2, 2, 2, 2]","tensor(1, device='cuda:0')","tensor([-0.3906, -0.5184, -0.2855], device='cuda:0', grad_fn=<SelectBackward>)"
Beware of the chili signed food items not unless you want to call the fire department to douse the flames in your mouth .,"[2, 2, 2, 2, 2, 2, 2, 2, 2, 2, 2, 2, 2, 2, 2, 2, 2, 2, 2, 2, 2, 2, 2, 2]","tensor(0, device='cuda:0')","tensor([ 0.2794, -1.8579,  0.4320], device='cuda:0', grad_fn=<SelectBackward>)"
Everytime I go there I ca n't pick anything to eat and not because the menu is filled with great things to eat .,"[2, 2, 2, 2, 2, 2, 2, 2, 2, 2, 2, 2, 2, 2, 2, 2, 2, 2, 2, 2, 2, 2, 2, 2]","tensor(0, device='cuda:0')","tensor([-0.8243, -0.7947,  0.4275], device='cuda:0', grad_fn=<SelectBackward>)"
"The Sashimi portion are big enough to appease most people , but I did n't like the fact they used artifical lobster meat .","[2, 2, 2, 2, 2, 2, 2, 2, 2, 2, 2, 2, 2, 2, 2, 2, 2, 2, 2, 2, 2, 2, 2, 2]","tensor(2, device='cuda:0')","tensor([-0.0690, -0.3864, -0.6988], device='cuda:0', grad_fn=<SelectBackward>)"
"The Sashimi portion are big enough to appease most people , but I did n't like the fact they used artifical lobster meat .","[2, 2, 2, 2, 2, 2, 2, 2, 2, 2, 2, 2, 2, 2, 2, 2, 2, 2, 2, 2, 2, 2, 2, 2]","tensor(0, device='cuda:0')","tensor([-0.1456,  0.0496, -1.1008], device='cuda:0', grad_fn=<SelectBackward>)"
"Probably my worst dining experience in new york , and I 'm a former waiter so I know what I 'm talking about .","[2, 2, 2, 2, 2, 2, 2, 2, 2, 2, 2, 2, 2, 2, 2, 2, 2, 2, 2, 2, 2, 2, 2, 2]","tensor(1, device='cuda:0')","tensor([ 1.0111, -0.9845, -0.9425], device='cuda:0', grad_fn=<SelectBackward>)"
"Unfortunately , unless you live in the neighborhood , it 's not in a convenient location but is more like a hidden treasure .","[2, 2, 2, 2, 2, 2, 2, 2, 2, 2, 2, 2, 2, 2, 2, 2, 2, 2, 2, 2, 2, 2, 2, 2]","tensor(0, device='cuda:0')","tensor([-0.0236, -1.1151,  0.0655], device='cuda:0', grad_fn=<SelectBackward>)"
If your looking for nasty high priced food with a dash of ghetto scenery cheap BX A$ $ this is the place to be !!,"[2, 2, 2, 2, 2, 2, 2, 2, 2, 2, 2, 2, 2, 2, 2, 2, 2, 2, 2, 2, 2, 2, 2, 2, 2]","tensor(0, device='cuda:0')","tensor([-0.5503, -1.4707,  0.7559], device='cuda:0', grad_fn=<SelectBackward>)"
If your looking for nasty high priced food with a dash of ghetto scenery cheap BX A$ $ this is the place to be !!,"[2, 2, 2, 2, 2, 2, 2, 2, 2, 2, 2, 2, 2, 2, 2, 2, 2, 2, 2, 2, 2, 2, 2, 2, 2]","tensor(0, device='cuda:0')","tensor([-0.3226, -1.2441,  0.3405], device='cuda:0', grad_fn=<SelectBackward>)"
If your looking for nasty high priced food with a dash of ghetto scenery cheap BX A$ $ this is the place to be !!,"[2, 2, 2, 2, 2, 2, 2, 2, 2, 2, 2, 2, 2, 2, 2, 2, 2, 2, 2, 2, 2, 2, 2, 2, 2]","tensor(0, device='cuda:0')","tensor([-1.0672, -2.3745,  2.2107], device='cuda:0', grad_fn=<SelectBackward>)"
My only complaint might be the fortune cookies - I 've never had a cookie predict bad luck for me before I visited Kar .,"[2, 2, 2, 2, 2, 2, 2, 2, 2, 2, 2, 2, 2, 2, 2, 2, 2, 2, 2, 2, 2, 2, 2, 2, 2]","tensor(0, device='cuda:0')","tensor([-0.1031,  0.0679, -1.0394], device='cuda:0', grad_fn=<SelectBackward>)"
My only complaint might be the fortune cookies - I 've never had a cookie predict bad luck for me before I visited Kar .,"[2, 2, 2, 2, 2, 2, 2, 2, 2, 2, 2, 2, 2, 2, 2, 2, 2, 2, 2, 2, 2, 2, 2, 2, 2]","tensor(0, device='cuda:0')","tensor([-0.1466,  0.0568, -0.9917], device='cuda:0', grad_fn=<SelectBackward>)"
then she made a fuss about not being able to add 1 or 2 chairs on either end of the table for additional people .,"[2, 2, 2, 2, 2, 2, 2, 2, 2, 2, 2, 2, 2, 2, 2, 2, 2, 2, 2, 2, 2, 2, 2, 2, 2]","tensor(1, device='cuda:0')","tensor([-0.0541, -0.2873, -0.8464], device='cuda:0', grad_fn=<SelectBackward>)"
"A mix of students and area residents crowd into this narrow , barely there space for its quick , tasty treats at dirt-cheap prices .","[2, 2, 2, 2, 2, 2, 2, 2, 2, 2, 2, 2, 2, 2, 2, 2, 2, 2, 2, 2, 2, 2, 2, 2, 2]","tensor(0, device='cuda:0')","tensor([-1.2282, -1.5996,  1.4719], device='cuda:0', grad_fn=<SelectBackward>)"
The absolute worst service I 've ever experienced and the food was below average -LRB- when they actually gave people the meals they ordered -RRB- .,"[2, 2, 2, 2, 2, 2, 2, 2, 2, 2, 2, 2, 2, 2, 2, 2, 2, 2, 2, 2, 2, 2, 2, 2, 2, 2]","tensor(1, device='cuda:0')","tensor([ 1.1872, -1.2167, -0.6616], device='cuda:0', grad_fn=<SelectBackward>)"
In Short The Black Sheep distinguishes itself from the Midtown pub herd with a look that 's a mix of sports-bar butch and ornate kitsch .,"[2, 2, 2, 2, 2, 2, 2, 2, 2, 2, 2, 2, 2, 2, 2, 2, 2, 2, 2, 2, 2, 2, 2, 2, 2, 2]","tensor(0, device='cuda:0')","tensor([-0.4457, -1.9831,  1.1359], device='cuda:0', grad_fn=<SelectBackward>)"
"the dinner menu offers a variety of great entrees , including fresh seafood and huge steaks , there 's also a couple of non-meat alternatives .","[2, 2, 2, 2, 2, 2, 2, 2, 2, 2, 2, 2, 2, 2, 2, 2, 2, 2, 2, 2, 2, 2, 2, 2, 2, 2]","tensor(1, device='cuda:0')","tensor([-1.8685, -0.6922,  1.3132], device='cuda:0', grad_fn=<SelectBackward>)"
good place to hang out during the day after shopping or to grab a simple soup or classic french dish over a glass of wine .,"[2, 2, 2, 2, 2, 2, 2, 2, 2, 2, 2, 2, 2, 2, 2, 2, 2, 2, 2, 2, 2, 2, 2, 2, 2, 2]","tensor(1, device='cuda:0')","tensor([-1.4845, -1.1791,  1.3528], device='cuda:0', grad_fn=<SelectBackward>)"
good place to hang out during the day after shopping or to grab a simple soup or classic french dish over a glass of wine .,"[2, 2, 2, 2, 2, 2, 2, 2, 2, 2, 2, 2, 2, 2, 2, 2, 2, 2, 2, 2, 2, 2, 2, 2, 2, 2]","tensor(1, device='cuda:0')","tensor([-1.4488, -1.2855,  1.4682], device='cuda:0', grad_fn=<SelectBackward>)"
good place to hang out during the day after shopping or to grab a simple soup or classic french dish over a glass of wine .,"[2, 2, 2, 2, 2, 2, 2, 2, 2, 2, 2, 2, 2, 2, 2, 2, 2, 2, 2, 2, 2, 2, 2, 2, 2, 2]","tensor(1, device='cuda:0')","tensor([-1.6892, -0.3491,  0.4023], device='cuda:0', grad_fn=<SelectBackward>)"
"If you are here as a pre-show meal , hop in a cab and take the extra 10 minutes to go to the uptown location .","[2, 2, 2, 2, 2, 2, 2, 2, 2, 2, 2, 2, 2, 2, 2, 2, 2, 2, 2, 2, 2, 2, 2, 2, 2, 2]","tensor(1, device='cuda:0')","tensor([-1.0199, -0.3655, -0.2176], device='cuda:0', grad_fn=<SelectBackward>)"
"I have never in my life sent back food before , but I simply had to , and the waiter argued with me over this .","[2, 2, 2, 2, 2, 2, 2, 2, 2, 2, 2, 2, 2, 2, 2, 2, 2, 2, 2, 2, 2, 2, 2, 2, 2, 2]","tensor(0, device='cuda:0')","tensor([-0.1237, -0.1189, -0.9359], device='cuda:0', grad_fn=<SelectBackward>)"
"Creamy appetizers -- taramasalata , eggplant salad , and Greek yogurt -LRB- with cuccumber , dill , and garlic -RRB- taste excellent when on warm pitas .","[2, 2, 2, 2, 2, 2, 2, 2, 2, 2, 2, 2, 2, 2, 2, 2, 2, 2, 2, 2, 2, 2, 2, 2, 2, 2, 2]","tensor(1, device='cuda:0')","tensor([-1.9857, -2.1185,  3.0187], device='cuda:0', grad_fn=<SelectBackward>)"
"The halibut cheek appetizer came with a generous portion of foie gras , but that 's about the only positive thing I can say about the meal .","[2, 2, 2, 2, 2, 2, 2, 2, 2, 2, 2, 2, 2, 2, 2, 2, 2, 2, 2, 2, 2, 2, 2, 2, 2, 2, 2, 2]","tensor(1, device='cuda:0')","tensor([-1.6785, -1.4549,  2.1518], device='cuda:0', grad_fn=<SelectBackward>)"
"All-time favorites include the Big Mac , Chicken McNuggets , Filet-O-Fish sandwich and McDonald 's famous french fries ; lighter options like entree-sized salads are also available .","[2, 2, 2, 2, 2, 2, 2, 2, 2, 2, 2, 2, 2, 2, 2, 2, 2, 2, 2, 2, 2, 2, 2, 2, 2, 2, 2, 2]","tensor(1, device='cuda:0')","tensor([-1.6704, -0.9007,  1.1843], device='cuda:0', grad_fn=<SelectBackward>)"
"Young neighborhood trendies graze at the counter during the day , while chic , art-house drinkers with heavy doses of the munchies pile in late at night .","[2, 2, 2, 2, 2, 2, 2, 2, 2, 2, 2, 2, 2, 2, 2, 2, 2, 2, 2, 2, 2, 2, 2, 2, 2, 2, 2, 2]","tensor(1, device='cuda:0')","tensor([-1.0280, -0.7126,  0.1119], device='cuda:0', grad_fn=<SelectBackward>)"
"The best dessert , a chocolate and peanut butter tart , is n't particularly Hawaiian , but it 's a small world when it comes to sweets .","[2, 2, 2, 2, 2, 2, 2, 2, 2, 2, 2, 2, 2, 2, 2, 2, 2, 2, 2, 2, 2, 2, 2, 2, 2, 2, 2, 2]","tensor(1, device='cuda:0')","tensor([-1.0357, -0.6662,  0.5031], device='cuda:0', grad_fn=<SelectBackward>)"
"'' The menu includes pub fare -- burgers , steaks and shepherds pie -- and even a portabella lasagna for those black sheep known as `` vegetarians .","[2, 2, 2, 2, 2, 2, 2, 2, 2, 2, 2, 2, 2, 2, 2, 2, 2, 2, 2, 2, 2, 2, 2, 2, 2, 2, 2, 2]","tensor(1, device='cuda:0')","tensor([-1.1164, -0.3449,  0.0047], device='cuda:0', grad_fn=<SelectBackward>)"
"'' The menu includes pub fare -- burgers , steaks and shepherds pie -- and even a portabella lasagna for those black sheep known as `` vegetarians .","[2, 2, 2, 2, 2, 2, 2, 2, 2, 2, 2, 2, 2, 2, 2, 2, 2, 2, 2, 2, 2, 2, 2, 2, 2, 2, 2, 2]","tensor(1, device='cuda:0')","tensor([-1.8991, -1.4809,  2.1516], device='cuda:0', grad_fn=<SelectBackward>)"
"'' The menu includes pub fare -- burgers , steaks and shepherds pie -- and even a portabella lasagna for those black sheep known as `` vegetarians .","[2, 2, 2, 2, 2, 2, 2, 2, 2, 2, 2, 2, 2, 2, 2, 2, 2, 2, 2, 2, 2, 2, 2, 2, 2, 2, 2, 2]","tensor(1, device='cuda:0')","tensor([-1.9009, -1.4873,  2.1603], device='cuda:0', grad_fn=<SelectBackward>)"
"'' The menu includes pub fare -- burgers , steaks and shepherds pie -- and even a portabella lasagna for those black sheep known as `` vegetarians .","[2, 2, 2, 2, 2, 2, 2, 2, 2, 2, 2, 2, 2, 2, 2, 2, 2, 2, 2, 2, 2, 2, 2, 2, 2, 2, 2, 2]","tensor(1, device='cuda:0')","tensor([-1.9252, -1.5447,  2.2498], device='cuda:0', grad_fn=<SelectBackward>)"
"'' The menu includes pub fare -- burgers , steaks and shepherds pie -- and even a portabella lasagna for those black sheep known as `` vegetarians .","[2, 2, 2, 2, 2, 2, 2, 2, 2, 2, 2, 2, 2, 2, 2, 2, 2, 2, 2, 2, 2, 2, 2, 2, 2, 2, 2, 2]","tensor(1, device='cuda:0')","tensor([-1.6050, -0.8429,  1.1284], device='cuda:0', grad_fn=<SelectBackward>)"
"'' The menu includes pub fare -- burgers , steaks and shepherds pie -- and even a portabella lasagna for those black sheep known as `` vegetarians .","[2, 2, 2, 2, 2, 2, 2, 2, 2, 2, 2, 2, 2, 2, 2, 2, 2, 2, 2, 2, 2, 2, 2, 2, 2, 2, 2, 2]","tensor(1, device='cuda:0')","tensor([-1.8348, -1.3081,  1.8959], device='cuda:0', grad_fn=<SelectBackward>)"
Creative dishes like king crab salad with passion fruit vinaigrette and fettuccine with grilled seafood in a rosemary-orange sauce are unexpected elements on an otherwise predictable bistro menu .,"[2, 2, 2, 2, 2, 2, 2, 2, 2, 2, 2, 2, 2, 2, 2, 2, 2, 2, 2, 2, 2, 2, 2, 2, 2, 2, 2, 2, 2]","tensor(1, device='cuda:0')","tensor([-0.5755, -1.5256,  0.7356], device='cuda:0', grad_fn=<SelectBackward>)"
The lone argentine chorizo appetizer at $ 8.95 was a heavy fennel flavored Italian sausage like the ones that sell for $ 2.99 / lb at the store .,"[2, 2, 2, 2, 2, 2, 2, 2, 2, 2, 2, 2, 2, 2, 2, 2, 2, 2, 2, 2, 2, 2, 2, 2, 2, 2, 2, 2, 2]","tensor(0, device='cuda:0')","tensor([-0.8913, -0.7863,  0.0953], device='cuda:0', grad_fn=<SelectBackward>)"
The lone argentine chorizo appetizer at $ 8.95 was a heavy fennel flavored Italian sausage like the ones that sell for $ 2.99 / lb at the store .,"[2, 2, 2, 2, 2, 2, 2, 2, 2, 2, 2, 2, 2, 2, 2, 2, 2, 2, 2, 2, 2, 2, 2, 2, 2, 2, 2, 2, 2]","tensor(0, device='cuda:0')","tensor([-0.8721, -0.7722,  0.0339], device='cuda:0', grad_fn=<SelectBackward>)"
"Not only was the sushi fresh , they also served other entrees allowed each guest something to choose from and we all left happy -LRB- try the duck !","[2, 2, 2, 2, 2, 2, 2, 2, 2, 2, 2, 2, 2, 2, 2, 2, 2, 2, 2, 2, 2, 2, 2, 2, 2, 2, 2, 2, 2]","tensor(2, device='cuda:0')","tensor([-1.5303,  0.2374, -0.1023], device='cuda:0', grad_fn=<SelectBackward>)"
"Well , it happened because of a graceless manager and a rude bartender who had us waiting 20 minutes for drinks , and then tells us to chill out .","[2, 2, 2, 2, 2, 2, 2, 2, 2, 2, 2, 2, 2, 2, 2, 2, 2, 2, 2, 2, 2, 2, 2, 2, 2, 2, 2, 2, 2, 2]","tensor(1, device='cuda:0')","tensor([ 0.0659, -0.2172, -1.1789], device='cuda:0', grad_fn=<SelectBackward>)"
They bring a sauce cart up to your table and offer you up to 7 or 8 choices of sauces for your steak -LRB- I tried them ALL -RRB- .,"[2, 2, 2, 2, 2, 2, 2, 2, 2, 2, 2, 2, 2, 2, 2, 2, 2, 2, 2, 2, 2, 2, 2, 2, 2, 2, 2, 2, 2, 2]","tensor(1, device='cuda:0')","tensor([-1.0929, -1.1753,  0.9390], device='cuda:0', grad_fn=<SelectBackward>)"
They bring a sauce cart up to your table and offer you up to 7 or 8 choices of sauces for your steak -LRB- I tried them ALL -RRB- .,"[2, 2, 2, 2, 2, 2, 2, 2, 2, 2, 2, 2, 2, 2, 2, 2, 2, 2, 2, 2, 2, 2, 2, 2, 2, 2, 2, 2, 2, 2]","tensor(1, device='cuda:0')","tensor([-1.1285, -1.0669,  0.8361], device='cuda:0', grad_fn=<SelectBackward>)"
They bring a sauce cart up to your table and offer you up to 7 or 8 choices of sauces for your steak -LRB- I tried them ALL -RRB- .,"[2, 2, 2, 2, 2, 2, 2, 2, 2, 2, 2, 2, 2, 2, 2, 2, 2, 2, 2, 2, 2, 2, 2, 2, 2, 2, 2, 2, 2, 2]","tensor(1, device='cuda:0')","tensor([-0.8979, -0.3883, -0.0482], device='cuda:0', grad_fn=<SelectBackward>)"
"The food is just OKAY , and it 's almost not worth going unless you 're getting the pialla , which is the only dish that 's really good .","[2, 2, 2, 2, 2, 2, 2, 2, 2, 2, 2, 2, 2, 2, 2, 2, 2, 2, 2, 2, 2, 2, 2, 2, 2, 2, 2, 2, 2, 2]","tensor(2, device='cuda:0')","tensor([-0.4065, -0.3034, -0.4289], device='cuda:0', grad_fn=<SelectBackward>)"
"THE BANANA PUDDING THEY SERVE HAS NEVER SEEN AN OVEN , THE CRABCAKES ARE WAY OVER SALTED AND DO N'T GET ME STARTED ON THE VERY GREASY MAC AND CHEESE .","[2, 2, 2, 2, 2, 2, 2, 2, 2, 2, 2, 2, 2, 2, 2, 2, 2, 2, 2, 2, 2, 2, 2, 2, 2, 2, 2, 2, 2, 2, 2]","tensor(0, device='cuda:0')","tensor([-0.8229, -0.7524,  0.3969], device='cuda:0', grad_fn=<SelectBackward>)"
"Dishes denoted as ""Roy's Classics"" -LRB- marked on the menu with asterisks -RRB- are tried-and-true recipes , such as macadamia-crusted mahi mahi , or subtly sweet honey-mustard beef short ribs .","[2, 2, 2, 2, 2, 2, 2, 2, 2, 2, 2, 2, 2, 2, 2, 2, 2, 2, 2, 2, 2, 2, 2, 2, 2, 2, 2, 2, 2, 2, 2]","tensor(2, device='cuda:0')","tensor([-0.1762, -0.6973, -0.3222], device='cuda:0', grad_fn=<SelectBackward>)"
"The room is a little plain , but it 's difficult to make such a small place exciting and I would not suggest that as a reason not to go .","[2, 2, 2, 2, 2, 2, 2, 2, 2, 2, 2, 2, 2, 2, 2, 2, 2, 2, 2, 2, 2, 2, 2, 2, 2, 2, 2, 2, 2, 2, 2]","tensor(0, device='cuda:0')","tensor([-0.6412, -1.5880,  1.0279], device='cuda:0', grad_fn=<SelectBackward>)"
"I came to fresh expecting a great meal , and all I got was marginally so-so food served in a restaurant that was just so freezing we could n't enjoy eating .","[2, 2, 2, 2, 2, 2, 2, 2, 2, 2, 2, 2, 2, 2, 2, 2, 2, 2, 2, 2, 2, 2, 2, 2, 2, 2, 2, 2, 2, 2, 2, 2]","tensor(0, device='cuda:0')","tensor([-0.5723,  1.4240, -2.0494], device='cuda:0', grad_fn=<SelectBackward>)"
"I came to fresh expecting a great meal , and all I got was marginally so-so food served in a restaurant that was just so freezing we could n't enjoy eating .","[2, 2, 2, 2, 2, 2, 2, 2, 2, 2, 2, 2, 2, 2, 2, 2, 2, 2, 2, 2, 2, 2, 2, 2, 2, 2, 2, 2, 2, 2, 2, 2]","tensor(0, device='cuda:0')","tensor([-0.5958,  1.4192, -2.0341], device='cuda:0', grad_fn=<SelectBackward>)"
"The comments about fried foods is correct -LRB- below -RRB- but the other dishes , including the lamb entree and many of the salads -LRB- avocado shrimp -RRB- were quite good .","[2, 2, 2, 2, 2, 2, 2, 2, 2, 2, 2, 2, 2, 2, 2, 2, 2, 2, 2, 2, 2, 2, 2, 2, 2, 2, 2, 2, 2, 2, 2, 2]","tensor(0, device='cuda:0')","tensor([-1.0584, -0.6097,  0.5023], device='cuda:0', grad_fn=<SelectBackward>)"
"Dishes denoted as `` Roy 's Classics '' -LRB- marked on the menu with asterisks -RRB- are tried-and-true recipes , such as macadamia-crusted mahi mahi , or subtly sweet honey-mustard beef short ribs .","[2, 2, 2, 2, 2, 2, 2, 2, 2, 2, 2, 2, 2, 2, 2, 2, 2, 2, 2, 2, 2, 2, 2, 2, 2, 2, 2, 2, 2, 2, 2, 2, 2, 2]","tensor(1, device='cuda:0')","tensor([-0.1167, -0.2928, -0.8749], device='cuda:0', grad_fn=<SelectBackward>)"
Its good to go there for drinks if you do n't want to get drunk because you 'll be lucky if you can get one drink an hour the service is so bad .,"[2, 2, 2, 2, 2, 2, 2, 2, 2, 2, 2, 2, 2, 2, 2, 2, 2, 2, 2, 2, 2, 2, 2, 2, 2, 2, 2, 2, 2, 2, 2, 2, 2, 2]","tensor(1, device='cuda:0')","tensor([ 0.3838, -0.8638, -0.6444], device='cuda:0', grad_fn=<SelectBackward>)"
It took 100 years for Parisi to get around to making pizza -LRB- at least I do n't think they ever made it before this year -RRB- ... but it was worth the wait .,"[2, 2, 2, 2, 2, 2, 2, 2, 2, 2, 2, 2, 2, 2, 2, 2, 2, 2, 2, 2, 2, 2, 2, 2, 2, 2, 2, 2, 2, 2, 2, 2, 2, 2, 2]","tensor(2, device='cuda:0')","tensor([-0.3539, -0.2002, -0.6900], device='cuda:0', grad_fn=<SelectBackward>)"
The manager then told us we could order from whatever menu we wanted but by that time we were so annoyed with the waiter and the resturant that we let and went some place else .,"[2, 2, 2, 2, 2, 2, 2, 2, 2, 2, 2, 2, 2, 2, 2, 2, 2, 2, 2, 2, 2, 2, 2, 2, 2, 2, 2, 2, 2, 2, 2, 2, 2, 2, 2, 2]","tensor(1, device='cuda:0')","tensor([-0.0680, -0.2137, -0.9542], device='cuda:0', grad_fn=<SelectBackward>)"
The manager then told us we could order from whatever menu we wanted but by that time we were so annoyed with the waiter and the resturant that we let and went some place else .,"[2, 2, 2, 2, 2, 2, 2, 2, 2, 2, 2, 2, 2, 2, 2, 2, 2, 2, 2, 2, 2, 2, 2, 2, 2, 2, 2, 2, 2, 2, 2, 2, 2, 2, 2, 2]","tensor(1, device='cuda:0')","tensor([ 0.3764, -0.6263, -0.9083], device='cuda:0', grad_fn=<SelectBackward>)"
the food was mediocre to be kind - the interior is small and average - the owners are a tag-team of unpleasantries - so rude and snotty i actually let out a hearty guffaw whilst dining .,"[2, 2, 2, 2, 2, 2, 2, 2, 2, 2, 2, 2, 2, 2, 2, 2, 2, 2, 2, 2, 2, 2, 2, 2, 2, 2, 2, 2, 2, 2, 2, 2, 2, 2, 2, 2, 2]","tensor(0, device='cuda:0')","tensor([-0.1037,  1.2248, -1.7597], device='cuda:0', grad_fn=<SelectBackward>)"
the food was mediocre to be kind - the interior is small and average - the owners are a tag-team of unpleasantries - so rude and snotty i actually let out a hearty guffaw whilst dining .,"[2, 2, 2, 2, 2, 2, 2, 2, 2, 2, 2, 2, 2, 2, 2, 2, 2, 2, 2, 2, 2, 2, 2, 2, 2, 2, 2, 2, 2, 2, 2, 2, 2, 2, 2, 2, 2]","tensor(0, device='cuda:0')","tensor([-0.1042,  1.2255, -1.7598], device='cuda:0', grad_fn=<SelectBackward>)"
the food was mediocre to be kind - the interior is small and average - the owners are a tag-team of unpleasantries - so rude and snotty i actually let out a hearty guffaw whilst dining .,"[2, 2, 2, 2, 2, 2, 2, 2, 2, 2, 2, 2, 2, 2, 2, 2, 2, 2, 2, 2, 2, 2, 2, 2, 2, 2, 2, 2, 2, 2, 2, 2, 2, 2, 2, 2, 2]","tensor(0, device='cuda:0')","tensor([-0.0995,  1.2179, -1.7581], device='cuda:0', grad_fn=<SelectBackward>)"
"Would you ever believe that when you complain about over an hour wait , when they tell you it will be 20-30 minutes , the manager tells the bartender to spill the drinks you just paid for ?","[2, 2, 2, 2, 2, 2, 2, 2, 2, 2, 2, 2, 2, 2, 2, 2, 2, 2, 2, 2, 2, 2, 2, 2, 2, 2, 2, 2, 2, 2, 2, 2, 2, 2, 2, 2, 2, 2]","tensor(1, device='cuda:0')","tensor([-0.1402, -0.3596, -0.7321], device='cuda:0', grad_fn=<SelectBackward>)"
"The other times I 've gone it 's romantic date heaven , you can walk in get a booth by the windows , be treated like a VIP in a not-crowded place , with great food and service .","[2, 2, 2, 2, 2, 2, 2, 2, 2, 2, 2, 2, 2, 2, 2, 2, 2, 2, 2, 2, 2, 2, 2, 2, 2, 2, 2, 2, 2, 2, 2, 2, 2, 2, 2, 2, 2, 2, 2]","tensor(1, device='cuda:0')","tensor([-1.1767, -1.9921,  1.3726], device='cuda:0', grad_fn=<SelectBackward>)"
"What can you say about a place where the waitress brings out the wrong entree , then verbally assaults your 80 year old grandmother and gives her lip about sending it back -LRB- which she did politely , by the way -RRB- .","[2, 2, 2, 2, 2, 2, 2, 2, 2, 2, 2, 2, 2, 2, 2, 2, 2, 2, 2, 2, 2, 2, 2, 2, 2, 2, 2, 2, 2, 2, 2, 2, 2, 2, 2, 2, 2, 2, 2, 2, 2, 2, 2]","tensor(1, device='cuda:0')","tensor([ 0.1607, -0.2446, -1.0188], device='cuda:0', grad_fn=<SelectBackward>)"
"My Chelsea 's impressive and creative menu includes modern , Westernized Japanese dishes such as Foie Gras Unagi Napolean , Jap style hamburger steak , spicy cod roe spaghetti , black cod with miso base , and rack of lamb in black truffle sauce , to name a few .","[2, 2, 2, 2, 2, 2, 2, 2, 2, 2, 2, 2, 2, 2, 2, 2, 2, 2, 2, 2, 2, 2, 2, 2, 2, 2, 2, 2, 2, 2, 2, 2, 2, 2, 2, 2, 2, 2, 2, 2, 2, 2, 2, 2, 2, 2, 2, 2, 2, 2]","tensor(1, device='cuda:0')","tensor([-2.5683, -1.3891,  2.5150], device='cuda:0', grad_fn=<SelectBackward>)"
"My Chelsea 's impressive and creative menu includes modern , Westernized Japanese dishes such as Foie Gras Unagi Napolean , Jap style hamburger steak , spicy cod roe spaghetti , black cod with miso base , and rack of lamb in black truffle sauce , to name a few .","[2, 2, 2, 2, 2, 2, 2, 2, 2, 2, 2, 2, 2, 2, 2, 2, 2, 2, 2, 2, 2, 2, 2, 2, 2, 2, 2, 2, 2, 2, 2, 2, 2, 2, 2, 2, 2, 2, 2, 2, 2, 2, 2, 2, 2, 2, 2, 2, 2, 2]","tensor(1, device='cuda:0')","tensor([-2.5684, -1.3891,  2.5151], device='cuda:0', grad_fn=<SelectBackward>)"
"My Chelsea 's impressive and creative menu includes modern , Westernized Japanese dishes such as Foie Gras Unagi Napolean , Jap style hamburger steak , spicy cod roe spaghetti , black cod with miso base , and rack of lamb in black truffle sauce , to name a few .","[2, 2, 2, 2, 2, 2, 2, 2, 2, 2, 2, 2, 2, 2, 2, 2, 2, 2, 2, 2, 2, 2, 2, 2, 2, 2, 2, 2, 2, 2, 2, 2, 2, 2, 2, 2, 2, 2, 2, 2, 2, 2, 2, 2, 2, 2, 2, 2, 2, 2]","tensor(1, device='cuda:0')","tensor([-2.5684, -1.3891,  2.5151], device='cuda:0', grad_fn=<SelectBackward>)"
"My Chelsea 's impressive and creative menu includes modern , Westernized Japanese dishes such as Foie Gras Unagi Napolean , Jap style hamburger steak , spicy cod roe spaghetti , black cod with miso base , and rack of lamb in black truffle sauce , to name a few .","[2, 2, 2, 2, 2, 2, 2, 2, 2, 2, 2, 2, 2, 2, 2, 2, 2, 2, 2, 2, 2, 2, 2, 2, 2, 2, 2, 2, 2, 2, 2, 2, 2, 2, 2, 2, 2, 2, 2, 2, 2, 2, 2, 2, 2, 2, 2, 2, 2, 2]","tensor(1, device='cuda:0')","tensor([-2.5684, -1.3890,  2.5150], device='cuda:0', grad_fn=<SelectBackward>)"
"My Chelsea 's impressive and creative menu includes modern , Westernized Japanese dishes such as Foie Gras Unagi Napolean , Jap style hamburger steak , spicy cod roe spaghetti , black cod with miso base , and rack of lamb in black truffle sauce , to name a few .","[2, 2, 2, 2, 2, 2, 2, 2, 2, 2, 2, 2, 2, 2, 2, 2, 2, 2, 2, 2, 2, 2, 2, 2, 2, 2, 2, 2, 2, 2, 2, 2, 2, 2, 2, 2, 2, 2, 2, 2, 2, 2, 2, 2, 2, 2, 2, 2, 2, 2]","tensor(1, device='cuda:0')","tensor([-2.5685, -1.3887,  2.5148], device='cuda:0', grad_fn=<SelectBackward>)"
"My Chelsea 's impressive and creative menu includes modern , Westernized Japanese dishes such as Foie Gras Unagi Napolean , Jap style hamburger steak , spicy cod roe spaghetti , black cod with miso base , and rack of lamb in black truffle sauce , to name a few .","[2, 2, 2, 2, 2, 2, 2, 2, 2, 2, 2, 2, 2, 2, 2, 2, 2, 2, 2, 2, 2, 2, 2, 2, 2, 2, 2, 2, 2, 2, 2, 2, 2, 2, 2, 2, 2, 2, 2, 2, 2, 2, 2, 2, 2, 2, 2, 2, 2, 2]","tensor(1, device='cuda:0')","tensor([-2.5684, -1.3891,  2.5151], device='cuda:0', grad_fn=<SelectBackward>)"
"The service , however , is a peg or two below the quality of food -LRB- horrible bartenders -RRB- , and the clientele , for the most part , are rowdy , loud-mouthed commuters -LRB- this could explain the bad attitudes from the staff -RRB- getting loaded for an AC/DC concert or a Knicks game .","[2, 2, 2, 2, 2, 2, 2, 2, 2, 2, 2, 2, 2, 2, 2, 2, 2, 2, 2, 2, 2, 2, 2, 2, 2, 2, 2, 2, 2, 2, 2, 2, 2, 2, 2, 2, 2, 2, 2, 2, 2, 2, 2, 2, 2, 2, 2, 2, 2, 2, 2, 2, 2, 2, 2, 2]","tensor(0, device='cuda:0')","tensor([ 0.4026, -2.2192,  0.5934], device='cuda:0', grad_fn=<SelectBackward>)"
"The service , however , is a peg or two below the quality of food -LRB- horrible bartenders -RRB- , and the clientele , for the most part , are rowdy , loud-mouthed commuters -LRB- this could explain the bad attitudes from the staff -RRB- getting loaded for an AC/DC concert or a Knicks game .","[2, 2, 2, 2, 2, 2, 2, 2, 2, 2, 2, 2, 2, 2, 2, 2, 2, 2, 2, 2, 2, 2, 2, 2, 2, 2, 2, 2, 2, 2, 2, 2, 2, 2, 2, 2, 2, 2, 2, 2, 2, 2, 2, 2, 2, 2, 2, 2, 2, 2, 2, 2, 2, 2, 2, 2]","tensor(2, device='cuda:0')","tensor([ 1.1243, -1.7072, -0.5028], device='cuda:0', grad_fn=<SelectBackward>)"
"The new menu has a few creative items , they were smart enough to keep some of the old favorites -LRB- but they raised the prices -RRB- , the staff is friendly most of the time , but I must agree with the person that wrote about their favorite words : No , ca n't , sorry ... , boy , they wo n't bend the rules for anyone .","[2, 2, 2, 2, 2, 2, 2, 2, 2, 2, 2, 2, 2, 2, 2, 2, 2, 2, 2, 2, 2, 2, 2, 2, 2, 2, 2, 2, 2, 2, 2, 2, 2, 2, 2, 2, 2, 2, 2, 2, 2, 2, 2, 2, 2, 2, 2, 2, 2, 2, 2, 2, 2, 2, 2, 2, 2, 2, 2, 2, 2, 2, 2, 2, 2, 2, 2, 2, 2, 2]","tensor(0, device='cuda:0')","tensor([-0.3156, -0.6208, -0.2017], device='cuda:0', grad_fn=<SelectBackward>)"
